{
  "project_info": {
    "project_number": "990986695627",
    "firebase_url": "https://vvcestaff.firebaseio.com",
    "project_id": "vvcestaff",
    "storage_bucket": "vvcestaff.appspot.com"
  },
  "client": [
    {
      "client_info": {
        "mobilesdk_app_id": "1:990986695627:android:ea874bf3b3bfe962",
        "android_client_info": {
          "package_name": "com.example.vvce_staff"
        }
      },
      "oauth_client": [
        {
          "client_id": "990986695627-dlkmhke19ivel233mhft9ptikigjjad0.apps.googleusercontent.com",
          "client_type": 3
        }
      ],
      "api_key": [
        {
          "current_key": "AIzaSyBJTkHAzxIGDkS_8DueZjcM5jVDR-qoEnQ"
        }
      ],
      "services": {
        "appinvite_service": {
          "other_platform_oauth_client": [
            {
              "client_id": "990986695627-dlkmhke19ivel233mhft9ptikigjjad0.apps.googleusercontent.com",
              "client_type": 3
            }
          ]
        }
      }
    }
  ],
  "configuration_version": "1"
}